source_url,path
https://vividbooks.com,/
https://vividbooks.com/app-news/10-sleva-na-dalsi-predmety-vividbooks,/app-news/10-sleva-na-dalsi-predmety-vividbooks
https://vividbooks.com/app-news/darek-na-cele-leto-vividboard-premiove-funkce-ai-2-0-a-neomezene-uloziste-zdarma,/app-news/darek-na-cele-leto-vividboard-premiove-funkce-ai-2-0-a-neomezene-uloziste-zdarma
https://vividbooks.com/app-news/nova-aplikace-vividbooks,/app-news/nova-aplikace-vividbooks
https://vividbooks.com/app-news/nove-funkce-ve-vividboardu,/app-news/nove-funkce-ve-vividboardu
https://vividbooks.com/app-news/novinka-3d-modely-v-prirodopise,/app-news/novinka-3d-modely-v-prirodopise
https://vividbooks.com/app-news/predobjednejte-si-pracovni-sesity,/app-news/predobjednejte-si-pracovni-sesity
https://vividbooks.com/app-news/prihlaste-svoji-tridu-do-celostatni-matematicke-20minutovky-a-vyhrajte-pracovni-sesity-matematiky-pro-celou-tridu,/app-news/prihlaste-svoji-tridu-do-celostatni-matematicke-20minutovky-a-vyhrajte-pracovni-sesity-matematiky-pro-celou-tridu
https://vividbooks.com/app-news/prohlednete-si-matematiku-a-prvouku-pro-1-rocnik,/app-news/prohlednete-si-matematiku-a-prvouku-pro-1-rocnik
https://vividbooks.com/app-news/prolistujte-si-katalog-pracovnich-sesitu-pro-rok-2026-2026,/app-news/prolistujte-si-katalog-pracovnich-sesitu-pro-rok-2026-2026
https://vividbooks.com/app-news/velke-novinky-pro-1-stupen-dolozky-msmt-2-rocnik-a-nove-pisanky,/app-news/velke-novinky-pro-1-stupen-dolozky-msmt-2-rocnik-a-nove-pisanky
https://vividbooks.com/cs/blog,/cs/blog
https://vividbooks.com/cs/blog/4-klicove-rady-od-odborniku-jak-zlepsit-vedeni-skoly-a-podporit-ucitelsky-tym,/cs/blog/4-klicove-rady-od-odborniku-jak-zlepsit-vedeni-skoly-a-podporit-ucitelsky-tym
https://vividbooks.com/cs/blog/5-letnich-novinek-ve-vividboardu-ktere-posunou-vasi-vyuku-na-novy-level,/cs/blog/5-letnich-novinek-ve-vividboardu-ktere-posunou-vasi-vyuku-na-novy-level
https://vividbooks.com/cs/blog/6-nastroju-ktere-pomahaji-ucitelum-s-moderni-vyuku,/cs/blog/6-nastroju-ktere-pomahaji-ucitelum-s-moderni-vyuku
https://vividbooks.com/cs/blog/audit-ceskeho-vzdelavani-jak-ma-podle-eduin-vypadat-moderni-ucebnice,/cs/blog/audit-ceskeho-vzdelavani-jak-ma-podle-eduin-vypadat-moderni-ucebnice
https://vividbooks.com/cs/blog/borivoj-brdlicka-zaci-nestoji-o-ai-ucitele-ale-o-ty-zive-musime-se-ale-naucit-jak-technologie-do-vyuky-smysluplne-zapojit,/cs/blog/borivoj-brdlicka-zaci-nestoji-o-ai-ucitele-ale-o-ty-zive-musime-se-ale-naucit-jak-technologie-do-vyuky-smysluplne-zapojit
https://vividbooks.com/cs/blog/inspirace-do-vyuky-financni-gramotnost-pro-skoly-jednoduse-interaktivne-a-zdarma,/cs/blog/inspirace-do-vyuky-financni-gramotnost-pro-skoly-jednoduse-interaktivne-a-zdarma
https://vividbooks.com/cs/blog/irena-dvorakova,/cs/blog/irena-dvorakova
https://vividbooks.com/cs/blog/jak-je-to-s-vividbooks-a-rozsirenou-realitou,/cs/blog/jak-je-to-s-vividbooks-a-rozsirenou-realitou
https://vividbooks.com/cs/blog/jak-jednoduse-zvysit-aktivni-ucast-studentu-ve-vyuce-diky-digitalnim-nastrojum,/cs/blog/jak-jednoduse-zvysit-aktivni-ucast-studentu-ve-vyuce-diky-digitalnim-nastrojum
https://vividbooks.com/cs/blog/jak-na-skupinovou-praci-ve-vyuce-efektivni-nastroj-pro-spolupraci-a-rozvoj-kompetenci,/cs/blog/jak-na-skupinovou-praci-ve-vyuce-efektivni-nastroj-pro-spolupraci-a-rozvoj-kompetenci
https://vividbooks.com/cs/blog/jamboard-definitivne-konci-jaka-je-nejlepsi-alternativa-pro-ucitele,/cs/blog/jamboard-definitivne-konci-jaka-je-nejlepsi-alternativa-pro-ucitele
https://vividbooks.com/cs/blog/marie-capova,/cs/blog/marie-capova
https://vividbooks.com/cs/blog/matematika-co-se-meni-s-novou-revizi-rvp-a-jak-na-to-reaguji-ucebnice,/cs/blog/matematika-co-se-meni-s-novou-revizi-rvp-a-jak-na-to-reaguji-ucebnice
https://vividbooks.com/cs/blog/matika-cesku-rozdava-10-milionu,/cs/blog/matika-cesku-rozdava-10-milionu
https://vividbooks.com/cs/blog/nova-prvouka-jak-propojit-moderni-metody-s-tradicni-vyukou,/cs/blog/nova-prvouka-jak-propojit-moderni-metody-s-tradicni-vyukou
https://vividbooks.com/cs/blog/od-textu-k-aktivite-jak-frantisek-cab-navzdy-zmenil-ucebnice,/cs/blog/od-textu-k-aktivite-jak-frantisek-cab-navzdy-zmenil-ucebnice
https://vividbooks.com/cs/blog/odlozeni-revize-rvp-ocima-odbornika-dekana-a-reditele,/cs/blog/odlozeni-revize-rvp-ocima-odbornika-dekana-a-reditele
https://vividbooks.com/cs/blog/petra-kacmarcikova-bakajsova-postavit-vzdelavaci-program-skoly-na-vystupech-namisto-uciva-neni-raketova-veda,/cs/blog/petra-kacmarcikova-bakajsova-postavit-vzdelavaci-program-skoly-na-vystupech-namisto-uciva-neni-raketova-veda
https://vividbooks.com/cs/blog/pomocnik-pri-vyuce-chemie-na-zakladnich-skolach,/cs/blog/pomocnik-pri-vyuce-chemie-na-zakladnich-skolach
https://vividbooks.com/cs/blog/pribeh-tridy-ktera-vyrustala-s-vividbooks,/cs/blog/pribeh-tridy-ktera-vyrustala-s-vividbooks
https://vividbooks.com/cs/blog/proc-se-nektere-deti-boji-matematiky-o-potrebe-porozumeni-v-matematice-a-dulezitosti-vyukovych-metod,/cs/blog/proc-se-nektere-deti-boji-matematiky-o-potrebe-porozumeni-v-matematice-a-dulezitosti-vyukovych-metod
https://vividbooks.com/cs/blog/projektova-vyuka-na-zakladni-skole-inspirace-z-webinare-a-tipy-do-praxe,/cs/blog/projektova-vyuka-na-zakladni-skole-inspirace-z-webinare-a-tipy-do-praxe
https://vividbooks.com/cs/blog/revize-kurikula-vyzvy-a-reseni-implementace,/cs/blog/revize-kurikula-vyzvy-a-reseni-implementace
https://vividbooks.com/cs/blog/rozhovor-karel-vojir-jaka-bude-evoluce-vyuky-prirodopisu-v-pristich-letech,/cs/blog/rozhovor-karel-vojir-jaka-bude-evoluce-vyuky-prirodopisu-v-pristich-letech
https://vividbooks.com/cs/blog/rozhovor-pavel-klavik---orgpad-a-propojeni-s-vividboardem,/cs/blog/rozhovor-pavel-klavik---orgpad-a-propojeni-s-vividboardem
https://vividbooks.com/cs/blog/rozhovor-s-danem-brodnickem-jak-efektivne-vest-hodinu-a-budovat-vztahy-ve-tride,/cs/blog/rozhovor-s-danem-brodnickem-jak-efektivne-vest-hodinu-a-budovat-vztahy-ve-tride
https://vividbooks.com/cs/blog/rozhovor-s-josefem-holym-jak-algoritmy-a-ai-meni-deti-i-skolstvi-a-proc-nestaci-jen-zakazat-mobily,/cs/blog/rozhovor-s-josefem-holym-jak-algoritmy-a-ai-meni-deti-i-skolstvi-a-proc-nestaci-jen-zakazat-mobily
https://vividbooks.com/cs/blog/svp-snadno-a-prakticky-pruvodce-pro-ucitele-zakladnich-skol,/cs/blog/svp-snadno-a-prakticky-pruvodce-pro-ucitele-zakladnich-skol
https://vividbooks.com/cs/blog/umela-inteligence-ve-vzdelavani-prakticke-tipy-prilezitosti-a-pravidla-pro-praxi,/cs/blog/umela-inteligence-ve-vzdelavani-prakticke-tipy-prilezitosti-a-pravidla-pro-praxi
https://vividbooks.com/cs/blog/vividbooks-na-ct1-reportaz-o-nasich-zacatcich,/cs/blog/vividbooks-na-ct1-reportaz-o-nasich-zacatcich
https://vividbooks.com/cs/blog/vividbooks-prirodopis-ucebnice-podporujici-badatelske-mysleni-a-realne-souvislosti,/cs/blog/vividbooks-prirodopis-ucebnice-podporujici-badatelske-mysleni-a-realne-souvislosti
https://vividbooks.com/cs/cenik,/cs/cenik
https://vividbooks.com/cs/cesky-jazyk,/cs/cesky-jazyk
https://vividbooks.com/cs/chemie,/cs/chemie
https://vividbooks.com/cs/didakticke-obrazy-a-plakaty,/cs/didakticke-obrazy-a-plakaty
https://vividbooks.com/cs/dokonceni-matematiky,/cs/dokonceni-matematiky
https://vividbooks.com/cs/domskola,/cs/domskola
https://vividbooks.com/cs/domskola-dekujeme,/cs/domskola-dekujeme
https://vividbooks.com/cs/dvpp-akreditovany-kurz,/cs/dvpp-akreditovany-kurz
https://vividbooks.com/cs/dvpp-webinare,/cs/dvpp-webinare
https://vividbooks.com/cs/form-test-free-trial,/cs/form-test-free-trial
https://vividbooks.com/cs/free-trial-active-free-trial,/cs/free-trial-active-free-trial
https://vividbooks.com/cs/free-trial-active-subscription,/cs/free-trial-active-subscription
https://vividbooks.com/cs/free-trial-cz,/cs/free-trial-cz
https://vividbooks.com/cs/free-trial-cz-new,/cs/free-trial-cz-new
https://vividbooks.com/cs/free-trial-ty-cz-ab,/cs/free-trial-ty-cz-ab
https://vividbooks.com/cs/free-trial-used-cz,/cs/free-trial-used-cz
https://vividbooks.com/cs/fyzika,/cs/fyzika
https://vividbooks.com/cs/interaktivni-licence,/cs/interaktivni-licence
https://vividbooks.com/cs/jak-zacit-s-vividbooks,/cs/jak-zacit-s-vividbooks
https://vividbooks.com/cs/kampan/dekujeme,/cs/kampan/dekujeme
https://vividbooks.com/cs/kampan/kampan-1-stupen,/cs/kampan/kampan-1-stupen
https://vividbooks.com/cs/kampan/matematika-rok-zdarma,/cs/kampan/matematika-rok-zdarma
https://vividbooks.com/cs/kampan/objednavka,/cs/kampan/objednavka
https://vividbooks.com/cs/kariera,/cs/kariera
https://vividbooks.com/cs/katalog-jeden-krok,/cs/katalog-jeden-krok
https://vividbooks.com/cs/katalog-registrace,/cs/katalog-registrace
https://vividbooks.com/cs/kontakt,/cs/kontakt
https://vividbooks.com/cs/matematika,/cs/matematika
https://vividbooks.com/cs/matematika---2-stupen-old,/cs/matematika---2-stupen-old
https://vividbooks.com/cs/matematika-1-stupen,/cs/matematika-1-stupen
https://vividbooks.com/cs/matematika-2-stupen-new,/cs/matematika-2-stupen-new
https://vividbooks.com/cs/minihry,/cs/minihry
https://vividbooks.com/cs/mobile-menu,/cs/mobile-menu
https://vividbooks.com/cs/mobilni-aplikace,/cs/mobilni-aplikace
https://vividbooks.com/cs/nasi-zakaznici,/cs/nasi-zakaznici
https://vividbooks.com/cs/odhlaseni-z-newsletteru,/cs/odhlaseni-z-newsletteru
https://vividbooks.com/cs/otevrit-ucebnice,/cs/otevrit-ucebnice
https://vividbooks.com/cs/pisanky,/cs/pisanky
https://vividbooks.com/cs/podporovana-zarizeni-cz,/cs/podporovana-zarizeni-cz
https://vividbooks.com/cs/poptat-mentoring-program,/cs/poptat-mentoring-program
https://vividbooks.com/cs/prirodopis,/cs/prirodopis
https://vividbooks.com/cs/proc-to-delame,/cs/proc-to-delame
https://vividbooks.com/cs/prvouka,/cs/prvouka
https://vividbooks.com/cs/rozsirena-realita,/cs/rozsirena-realita
https://vividbooks.com/cs/skolni-sesity,/cs/skolni-sesity
https://vividbooks.com/cs/studenti,/cs/studenti
https://vividbooks.com/cs/studenti-ucitelstvi/dekujeme,/cs/studenti-ucitelstvi/dekujeme
https://vividbooks.com/cs/studenti-ucitelstvi/pouzity-email,/cs/studenti-ucitelstvi/pouzity-email
https://vividbooks.com/cs/testing,/cs/testing
https://vividbooks.com/cs/ukazky/chemie,/cs/ukazky/chemie
https://vividbooks.com/cs/ukazky/fyzika,/cs/ukazky/fyzika
https://vividbooks.com/cs/ukazky/matematika-1-ukazka,/cs/ukazky/matematika-1-ukazka
https://vividbooks.com/cs/ukazky/matematika-ukazka,/cs/ukazky/matematika-ukazka
https://vividbooks.com/cs/ukazky/prirodopis-ukazka,/cs/ukazky/prirodopis-ukazka
https://vividbooks.com/cs/ukazky/prvouka-ukazka,/cs/ukazky/prvouka-ukazka
https://vividbooks.com/cs/unikatni-tistene-pracovni-sesity-a-ucebnice,/cs/unikatni-tistene-pracovni-sesity-a-ucebnice
https://vividbooks.com/cs/vividboard,/cs/vividboard
https://vividbooks.com/cs/vividboard/co-lze-vytvorit-s-vividboard,/cs/vividboard/co-lze-vytvorit-s-vividboard
https://vividbooks.com/cs/vividboard/inspirace/anglicky-jazyk-zakladni-slovicka,/cs/vividboard/inspirace/anglicky-jazyk-zakladni-slovicka
https://vividbooks.com/cs/vividboard/inspirace/chemie-smesi,/cs/vividboard/inspirace/chemie-smesi
https://vividbooks.com/cs/vividboard/inspirace/dejepis-zacatek-1-svetove-valky,/cs/vividboard/inspirace/dejepis-zacatek-1-svetove-valky
https://vividbooks.com/cs/vividboard/inspirace/fyzika-skladani-sil,/cs/vividboard/inspirace/fyzika-skladani-sil
https://vividbooks.com/cs/vividboard/inspirace/hudebni-vychova-kviz-popularni-hudby,/cs/vividboard/inspirace/hudebni-vychova-kviz-popularni-hudby
https://vividbooks.com/cs/vividboard/inspirace/informatika-unikova-hra,/cs/vividboard/inspirace/informatika-unikova-hra
https://vividbooks.com/cs/vividboard/inspirace/odcitani-desetinnych-cisel,/cs/vividboard/inspirace/odcitani-desetinnych-cisel
https://vividbooks.com/cs/vividboard/inspirace/prihlaska-na-skolni-vylet,/cs/vividboard/inspirace/prihlaska-na-skolni-vylet
https://vividbooks.com/cs/vividboard/inspirace/prirodopis-savci-a-ptaci,/cs/vividboard/inspirace/prirodopis-savci-a-ptaci
https://vividbooks.com/cs/vividboard/inspirace/prvociselny-rozklad-na-soucin,/cs/vividboard/inspirace/prvociselny-rozklad-na-soucin
https://vividbooks.com/cs/vividboard/inspirace/spokojenost-ve-skole,/cs/vividboard/inspirace/spokojenost-ve-skole
https://vividbooks.com/cs/vividboard/inspirace/vzajemna-poloha-dvou-primek,/cs/vividboard/inspirace/vzajemna-poloha-dvou-primek
https://vividbooks.com/cs/vividboard/kontakt,/cs/vividboard/kontakt
https://vividbooks.com/cs/vividboard/nastroje,/cs/vividboard/nastroje
https://vividbooks.com/cs/webinar-ty,/cs/webinar-ty
https://vividbooks.com/cs/webinare,/cs/webinare
https://vividbooks.com/cs/ziva-ukazka,/cs/ziva-ukazka
https://vividbooks.com/docs/8-principu-vividbooks-matematiky,/docs/8-principu-vividbooks-matematiky
https://vividbooks.com/docs/9-principu-vividbooks-chemie,/docs/9-principu-vividbooks-chemie
https://vividbooks.com/docs/9-principu-vividbooks-fyziky,/docs/9-principu-vividbooks-fyziky
https://vividbooks.com/docs/9-principu-vividbooks-matematiky,/docs/9-principu-vividbooks-matematiky
https://vividbooks.com/docs/9-principu-vividbooks-prirodopisu,/docs/9-principu-vividbooks-prirodopisu
https://vividbooks.com/docs/9-principu-vividbooks-prvouky,/docs/9-principu-vividbooks-prvouky
https://vividbooks.com/docs/co-obsahuje-vividbooks-prirodopis-pro-6-tridu,/docs/co-obsahuje-vividbooks-prirodopis-pro-6-tridu
https://vividbooks.com/docs/curriculum-cambridge,/docs/curriculum-cambridge
https://vividbooks.com/docs/eula,/docs/eula
https://vividbooks.com/docs/eula-cs,/docs/eula-cs
https://vividbooks.com/docs/katalog,/docs/katalog
https://vividbooks.com/docs/katalog-2026,/docs/katalog-2026
https://vividbooks.com/docs/katalog-plakatu,/docs/katalog-plakatu
https://vividbooks.com/docs/la-lista-de-leccioness,/docs/la-lista-de-leccioness
https://vividbooks.com/docs/list-of-lessons,/docs/list-of-lessons
https://vividbooks.com/docs/manual-chemie,/docs/manual-chemie
https://vividbooks.com/docs/manual-en,/docs/manual-en
https://vividbooks.com/docs/manual-es,/docs/manual-es
https://vividbooks.com/docs/manual-fyzika,/docs/manual-fyzika
https://vividbooks.com/docs/obchodne-podmienky,/docs/obchodne-podmienky
https://vividbooks.com/docs/obsah-vividbooks-matematiky,/docs/obsah-vividbooks-matematiky
https://vividbooks.com/docs/obsah-vividbooks-prirodopisu,/docs/obsah-vividbooks-prirodopisu
https://vividbooks.com/docs/podmienky-pouzivania,/docs/podmienky-pouzivania
https://vividbooks.com/docs/privacy-policy,/docs/privacy-policy
https://vividbooks.com/docs/privacy-policy-cz,/docs/privacy-policy-cz
https://vividbooks.com/docs/prvouka---obsah,/docs/prvouka---obsah
https://vividbooks.com/docs/prvouka---ukazkove-stranky,/docs/prvouka---ukazkove-stranky
https://vividbooks.com/docs/rvp,/docs/rvp
https://vividbooks.com/docs/seznam-lekci,/docs/seznam-lekci
https://vividbooks.com/docs/seznam-lekci-chemie,/docs/seznam-lekci-chemie
https://vividbooks.com/docs/seznam-lekci-fyzika,/docs/seznam-lekci-fyzika
https://vividbooks.com/docs/supported-devices,/docs/supported-devices
https://vividbooks.com/docs/tematicky-plan-matematiky-pro-1-rocnik,/docs/tematicky-plan-matematiky-pro-1-rocnik
https://vividbooks.com/docs/tematicky-plan-vyvoje-prirodopisu,/docs/tematicky-plan-vyvoje-prirodopisu
https://vividbooks.com/docs/test-pdf,/docs/test-pdf
https://vividbooks.com/docs/ukazka-lekce-fyzika,/docs/ukazka-lekce-fyzika
https://vividbooks.com/docs/ukazkova-kapitola-matematiky,/docs/ukazkova-kapitola-matematiky
https://vividbooks.com/docs/uvod-do-metodicke-prirucky-matematiky-1-rocniku,/docs/uvod-do-metodicke-prirucky-matematiky-1-rocniku
https://vividbooks.com/docs/vividboard-eula,/docs/vividboard-eula
https://vividbooks.com/docs/vividboard-zasady-ochrany-osobnich-udaju,/docs/vividboard-zasady-ochrany-osobnich-udaju
https://vividbooks.com/docs/vob,/docs/vob
https://vividbooks.com/docs/vseobecne-obchodni-podminky,/docs/vseobecne-obchodni-podminky
https://vividbooks.com/docs/zaciname-s-vividbooks,/docs/zaciname-s-vividbooks
https://vividbooks.com/docs/zaciname-sk,/docs/zaciname-sk
https://vividbooks.com/docs/zasady-ochrany-osobnych-udajov,/docs/zasady-ochrany-osobnych-udajov
https://vividbooks.com/docs/zoznam-lekcii,/docs/zoznam-lekcii
https://vividbooks.com/dvpp-webinare/cesky-jazyk,/dvpp-webinare/cesky-jazyk
https://vividbooks.com/dvpp-webinare/chemie,/dvpp-webinare/chemie
https://vividbooks.com/dvpp-webinare/fyzika,/dvpp-webinare/fyzika
https://vividbooks.com/dvpp-webinare/matematika,/dvpp-webinare/matematika
https://vividbooks.com/dvpp-webinare/prirodopis,/dvpp-webinare/prirodopis
https://vividbooks.com/dvpp-webinare/profesni-rozvoj,/dvpp-webinare/profesni-rozvoj
https://vividbooks.com/dvpp-webinare/prvouka,/dvpp-webinare/prvouka
https://vividbooks.com/dvpp-webinare/tvorba-svp,/dvpp-webinare/tvorba-svp
https://vividbooks.com/dvpp-webinare/umela-inteligence,/dvpp-webinare/umela-inteligence
https://vividbooks.com/dvpp-webinare/vedeni-skoly,/dvpp-webinare/vedeni-skoly
https://vividbooks.com/dvpp-webinare/vividboard,/dvpp-webinare/vividboard
https://vividbooks.com/en,/en
https://vividbooks.com/en/about,/en/about
https://vividbooks.com/en/augmented-reality,/en/augmented-reality
https://vividbooks.com/en/chemistry,/en/chemistry
https://vividbooks.com/en/contact,/en/contact
https://vividbooks.com/en/free-trial-ty,/en/free-trial-ty
https://vividbooks.com/en/free-trial-unused-xxxxxx,/en/free-trial-unused-xxxxxx
https://vividbooks.com/en/free-trial-used,/en/free-trial-used
https://vividbooks.com/en/mobile-apps,/en/mobile-apps
https://vividbooks.com/en/mobile-menu,/en/mobile-menu
https://vividbooks.com/en/physics,/en/physics
https://vividbooks.com/en/pricing,/en/pricing
https://vividbooks.com/en/supported-devices,/en/supported-devices
https://vividbooks.com/es,/es
https://vividbooks.com/es/carrera,/es/carrera
https://vividbooks.com/es/contacto,/es/contacto
https://vividbooks.com/es/dispositivos-compatibles,/es/dispositivos-compatibles
https://vividbooks.com/es/fisica,/es/fisica
https://vividbooks.com/es/free-trial-es,/es/free-trial-es
https://vividbooks.com/es/free-trial-ty-es,/es/free-trial-ty-es
https://vividbooks.com/es/free-trial-used-es,/es/free-trial-used-es
https://vividbooks.com/es/mobile-apps-es,/es/mobile-apps-es
https://vividbooks.com/es/mobile-menu-es,/es/mobile-menu-es
https://vividbooks.com/es/precios,/es/precios
https://vividbooks.com/es/quimica,/es/quimica
https://vividbooks.com/es/realidad-aumentada,/es/realidad-aumentada
https://vividbooks.com/es/seminarios-web,/es/seminarios-web
https://vividbooks.com/es/sobre-nosotros,/es/sobre-nosotros
https://vividbooks.com/es/webinars-ty-es,/es/webinars-ty-es
https://vividbooks.com/hvezda-vyuky,/hvezda-vyuky
https://vividbooks.com/hviezda-vyucby,/hviezda-vyucby
https://vividbooks.com/jobs/area-sales-manager,/jobs/area-sales-manager
https://vividbooks.com/jobs/customer-care-specialist,/jobs/customer-care-specialist
https://vividbooks.com/jobs/office-manager,/jobs/office-manager
https://vividbooks.com/jobs/test-job-es,/jobs/test-job-es
https://vividbooks.com/jobs/tvurce-interaktivniho-obsahu-matematiky,/jobs/tvurce-interaktivniho-obsahu-matematiky
https://vividbooks.com/links/bleskovy-souboj-trid,/links/bleskovy-souboj-trid
https://vividbooks.com/links/hledame-partnera,/links/hledame-partnera
https://vividbooks.com/links/katalog-2025,/links/katalog-2025
https://vividbooks.com/links/katalog-2026,/links/katalog-2026
https://vividbooks.com/links/katalog-plakaty,/links/katalog-plakaty
https://vividbooks.com/links/katalog-pro-distributory,/links/katalog-pro-distributory
https://vividbooks.com/links/letni-vzdelavani-reditelu-zs-balicek,/links/letni-vzdelavani-reditelu-zs-balicek
https://vividbooks.com/links/modernizujte-s-nami-ceske-skoly,/links/modernizujte-s-nami-ceske-skoly
https://vividbooks.com/links/navod,/links/navod
https://vividbooks.com/links/nechte-nam-kontakt,/links/nechte-nam-kontakt
https://vividbooks.com/links/objednat-pracovni-sesity,/links/objednat-pracovni-sesity
https://vividbooks.com/links/objednatsk,/links/objednatsk
https://vividbooks.com/links/pf2026,/links/pf2026
https://vividbooks.com/links/portfolio-vitekskop,/links/portfolio-vitekskop
https://vividbooks.com/links/predobjednavka,/links/predobjednavka
https://vividbooks.com/links/prehled-minuleho-roku-v-cislech,/links/prehled-minuleho-roku-v-cislech
https://vividbooks.com/links/prolistovat,/links/prolistovat
https://vividbooks.com/links/prvoukalekce11,/links/prvoukalekce11
https://vividbooks.com/links/prvoukalekce14,/links/prvoukalekce14
https://vividbooks.com/links/prvoukalekce15,/links/prvoukalekce15
https://vividbooks.com/links/prvoukalekce17,/links/prvoukalekce17
https://vividbooks.com/links/prvoukalekce21,/links/prvoukalekce21
https://vividbooks.com/links/prvoukalekce23,/links/prvoukalekce23
https://vividbooks.com/links/prvoukalekce24,/links/prvoukalekce24
https://vividbooks.com/links/prvoukalekce25,/links/prvoukalekce25
https://vividbooks.com/links/prvoukalekce26,/links/prvoukalekce26
https://vividbooks.com/links/prvoukalekce27,/links/prvoukalekce27
https://vividbooks.com/links/prvoukalekce30,/links/prvoukalekce30
https://vividbooks.com/links/prvoukalekce32,/links/prvoukalekce32
https://vividbooks.com/links/prvoukalekce4,/links/prvoukalekce4
https://vividbooks.com/links/prvoukalekce5,/links/prvoukalekce5
https://vividbooks.com/links/prvoukalekce7,/links/prvoukalekce7
https://vividbooks.com/links/skoleni-matematika,/links/skoleni-matematika
https://vividbooks.com/links/ucebnice-umeni,/links/ucebnice-umeni
https://vividbooks.com/links/vanocni-souboj-trid,/links/vanocni-souboj-trid
https://vividbooks.com/links/zprava-pro-rodice,/links/zprava-pro-rodice
https://vividbooks.com/privacy-policy,/privacy-policy
https://vividbooks.com/school/cz/cenik-bckp-nemazat,/school/cz/cenik-bckp-nemazat
https://vividbooks.com/school/cz/free-trial-cz-old-copy,/school/cz/free-trial-cz-old-copy
https://vividbooks.com/school/cz/fy-che-old,/school/cz/fy-che-old
https://vividbooks.com/school/sk/cennik-hidden,/school/sk/cennik-hidden
https://vividbooks.com/school/sk/free-trial-sk,/school/sk/free-trial-sk
https://vividbooks.com/school/sk/free-trial-ty-sk,/school/sk/free-trial-ty-sk
https://vividbooks.com/school/sk/katalog-jeden-krok,/school/sk/katalog-jeden-krok
https://vividbooks.com/school/sk/katalog-registracia,/school/sk/katalog-registracia
https://vividbooks.com/school/sk/rozsirena-realita,/school/sk/rozsirena-realita
https://vividbooks.com/sk,/sk
https://vividbooks.com/sk/ako-na-fyziku,/sk/ako-na-fyziku
https://vividbooks.com/sk/ako-zacat-pouzivat-vividbooks,/sk/ako-zacat-pouzivat-vividbooks
https://vividbooks.com/sk/chemia,/sk/chemia
https://vividbooks.com/sk/dvpp-akreditovany-kurz,/sk/dvpp-akreditovany-kurz
https://vividbooks.com/sk/free-trial,/sk/free-trial
https://vividbooks.com/sk/free-trial-ty,/sk/free-trial-ty
https://vividbooks.com/sk/free-trial-used,/sk/free-trial-used
https://vividbooks.com/sk/fyzika,/sk/fyzika
https://vividbooks.com/sk/interaktivni-licence,/sk/interaktivni-licence
https://vividbooks.com/sk/kariera,/sk/kariera
https://vividbooks.com/sk/kontakt,/sk/kontakt
https://vividbooks.com/sk/matematika,/sk/matematika
https://vividbooks.com/sk/mobile-menu,/sk/mobile-menu
https://vividbooks.com/sk/mobilni-aplikace,/sk/mobilni-aplikace
https://vividbooks.com/sk/nasi-zakaznici,/sk/nasi-zakaznici
https://vividbooks.com/sk/objednat,/sk/objednat
https://vividbooks.com/sk/podporovane-zariadenia,/sk/podporovane-zariadenia
https://vividbooks.com/sk/pracovne-zosity-a-ucebnice,/sk/pracovne-zosity-a-ucebnice
https://vividbooks.com/sk/preco-to-robime,/sk/preco-to-robime
https://vividbooks.com/sk/webinar-ty,/sk/webinar-ty
https://vividbooks.com/sk/webinare,/sk/webinare
https://vividbooks.com/sk/ziva-ukazka-sk,/sk/ziva-ukazka-sk
https://vividbooks.com/tiskoviny/caranka-pro-nevazane-pismo,/tiskoviny/caranka-pro-nevazane-pismo
https://vividbooks.com/tiskoviny/chemie-pracovni-sesit-1dil,/tiskoviny/chemie-pracovni-sesit-1dil
https://vividbooks.com/tiskoviny/chemie-pracovni-sesit-2dil,/tiskoviny/chemie-pracovni-sesit-2dil
https://vividbooks.com/tiskoviny/fyzika-pracovni-sesit-pro-6-tridu,/tiskoviny/fyzika-pracovni-sesit-pro-6-tridu
https://vividbooks.com/tiskoviny/fyzika-pracovni-sesit-pro-7-tridu,/tiskoviny/fyzika-pracovni-sesit-pro-7-tridu
https://vividbooks.com/tiskoviny/fyzika-pracovni-sesit-pro-8-tridu,/tiskoviny/fyzika-pracovni-sesit-pro-8-tridu
https://vividbooks.com/tiskoviny/fyzika-pracovni-sesit-pro-9-tridu,/tiskoviny/fyzika-pracovni-sesit-pro-9-tridu
https://vividbooks.com/tiskoviny/matematika-1-rocnik-1-dil,/tiskoviny/matematika-1-rocnik-1-dil
https://vividbooks.com/tiskoviny/matematika-1-rocnik-2-dil,/tiskoviny/matematika-1-rocnik-2-dil
https://vividbooks.com/tiskoviny/matematika-1-rocnik-3-dil,/tiskoviny/matematika-1-rocnik-3-dil
https://vividbooks.com/tiskoviny/matematika-1-rocnik-pocetnicek,/tiskoviny/matematika-1-rocnik-pocetnicek
https://vividbooks.com/tiskoviny/matematika-2-rocnik-1-dil,/tiskoviny/matematika-2-rocnik-1-dil
https://vividbooks.com/tiskoviny/matematika-2-rocnik-2-dil,/tiskoviny/matematika-2-rocnik-2-dil
https://vividbooks.com/tiskoviny/matematika-2-rocnik-3-dil,/tiskoviny/matematika-2-rocnik-3-dil
https://vividbooks.com/tiskoviny/matematika-2-rocnik-pocetnicek,/tiskoviny/matematika-2-rocnik-pocetnicek
https://vividbooks.com/tiskoviny/matematika-pracovni-sesit-pro-6-tridu-1-dil,/tiskoviny/matematika-pracovni-sesit-pro-6-tridu-1-dil
https://vividbooks.com/tiskoviny/matematika-pracovni-sesit-pro-6-tridu-2-dil,/tiskoviny/matematika-pracovni-sesit-pro-6-tridu-2-dil
https://vividbooks.com/tiskoviny/pracovni-sesit-krok-za-krokem-pro-6-rocnik---2-dil,/tiskoviny/pracovni-sesit-krok-za-krokem-pro-6-rocnik---2-dil
https://vividbooks.com/tiskoviny/pracovni-sesit-krok-za-krokem-pro-8-rocnik---2-dil,/tiskoviny/pracovni-sesit-krok-za-krokem-pro-8-rocnik---2-dil
https://vividbooks.com/tiskoviny/pracovni-sesit-krok-za-krokem-pro-9-rocnik---2-dil-copy,/tiskoviny/pracovni-sesit-krok-za-krokem-pro-9-rocnik---2-dil-copy
https://vividbooks.com/tiskoviny/pracovni-sesit-pro-7-rocnik,/tiskoviny/pracovni-sesit-pro-7-rocnik
https://vividbooks.com/tiskoviny/pracovni-sesit-pro-7-tridu---1-dil,/tiskoviny/pracovni-sesit-pro-7-tridu---1-dil
https://vividbooks.com/tiskoviny/pracovni-sesit-pro-7-tridu---2-dil,/tiskoviny/pracovni-sesit-pro-7-tridu---2-dil
https://vividbooks.com/tiskoviny/pracovni-sesit-pro-8-rocnik---1-dil,/tiskoviny/pracovni-sesit-pro-8-rocnik---1-dil
https://vividbooks.com/tiskoviny/pracovni-sesit-pro-8-rocnik---2-dil,/tiskoviny/pracovni-sesit-pro-8-rocnik---2-dil
https://vividbooks.com/tiskoviny/pracovni-sesit-pro-8-rocnik---clovek,/tiskoviny/pracovni-sesit-pro-8-rocnik---clovek
https://vividbooks.com/tiskoviny/pracovni-sesit-pro-9-rocnik,/tiskoviny/pracovni-sesit-pro-9-rocnik
https://vividbooks.com/tiskoviny/pracovni-sesit-pro-9-rocnik---1-dil,/tiskoviny/pracovni-sesit-pro-9-rocnik---1-dil
https://vividbooks.com/tiskoviny/pracovni-sesit-pro-9-rocnik---2-dil,/tiskoviny/pracovni-sesit-pro-9-rocnik---2-dil
https://vividbooks.com/tiskoviny/pracovni-sesit-pro-vsechny-pro-6-rocnik---1-dil,/tiskoviny/pracovni-sesit-pro-vsechny-pro-6-rocnik---1-dil
https://vividbooks.com/tiskoviny/pracovni-sesit-pro-vsechny-pro-7-rocnik---1-dil,/tiskoviny/pracovni-sesit-pro-vsechny-pro-7-rocnik---1-dil
https://vividbooks.com/tiskoviny/pracovni-sesit-pro-vsechny-pro-7-rocnik---2-dil,/tiskoviny/pracovni-sesit-pro-vsechny-pro-7-rocnik---2-dil
https://vividbooks.com/tiskoviny/pracovni-sesit-pro-vsechny-pro-8-rocnik---1-dil,/tiskoviny/pracovni-sesit-pro-vsechny-pro-8-rocnik---1-dil
https://vividbooks.com/tiskoviny/pracovni-sesit-pro-vsechny-pro-9-rocnik---1-dil,/tiskoviny/pracovni-sesit-pro-vsechny-pro-9-rocnik---1-dil
https://vividbooks.com/tiskoviny/prirodopis-pro-6-rocnik,/tiskoviny/prirodopis-pro-6-rocnik
https://vividbooks.com/tiskoviny/prvouka-1-rokcnik-1-dil,/tiskoviny/prvouka-1-rokcnik-1-dil
https://vividbooks.com/tiskoviny/prvouka-1-rokcnik-2-dil,/tiskoviny/prvouka-1-rokcnik-2-dil
https://vividbooks.com/tiskoviny/prvouka-2-rocnik-1-dil,/tiskoviny/prvouka-2-rocnik-1-dil
https://vividbooks.com/tiskoviny/prvouka-2-rocnik-2-dil,/tiskoviny/prvouka-2-rocnik-2-dil
https://vividbooks.com/video/ai-v-praxi-pro-pedagogy,/video/ai-v-praxi-pro-pedagogy
https://vividbooks.com/video/badame-na-prvnim-stupni,/video/badame-na-prvnim-stupni
https://vividbooks.com/video/detailni-srovnani-rad,/video/detailni-srovnani-rad
https://vividbooks.com/video/interaktivni-lekce-aktivita-do-hodiny,/video/interaktivni-lekce-aktivita-do-hodiny
https://vividbooks.com/video/jak-na-nova-temata-podle-noveho-rvp,/video/jak-na-nova-temata-podle-noveho-rvp
https://vividbooks.com/video/jak-na-praci-s-jednotkami,/video/jak-na-praci-s-jednotkami
https://vividbooks.com/video/jak-na-procenta-ve-vividbooks-matematice,/video/jak-na-procenta-ve-vividbooks-matematice
https://vividbooks.com/video/jak-na-simulacni-hry-ve-vyuce,/video/jak-na-simulacni-hry-ve-vyuce
https://vividbooks.com/video/jak-na-skupinovou-praci-ve-vyuce,/video/jak-na-skupinovou-praci-ve-vyuce
https://vividbooks.com/video/jak-na-ulohy-s-umernosti,/video/jak-na-ulohy-s-umernosti
https://vividbooks.com/video/jak-na-vztahy-ve-tride,/video/jak-na-vztahy-ve-tride
https://vividbooks.com/video/jak-na-zlomky-a-desetinna-cisla,/video/jak-na-zlomky-a-desetinna-cisla
https://vividbooks.com/video/jak-propojit-moderni-metody-s-tradicni-prvoukou,/video/jak-propojit-moderni-metody-s-tradicni-prvoukou
https://vividbooks.com/video/jak-rozmluvi-zaky-ve-fyzice,/video/jak-rozmluvi-zaky-ve-fyzice
https://vividbooks.com/video/jak-rozmluvit-zaky-v-chemii,/video/jak-rozmluvit-zaky-v-chemii
https://vividbooks.com/video/jak-rozmluvit-zaky-v-matematice,/video/jak-rozmluvit-zaky-v-matematice
https://vividbooks.com/video/jak-se-stat-superucitelem-diky-ai,/video/jak-se-stat-superucitelem-diky-ai
https://vividbooks.com/video/jak-tvorit-svp-tak-aby-byl-uzitecny-pro-kazdeho-ve-skole,/video/jak-tvorit-svp-tak-aby-byl-uzitecny-pro-kazdeho-ve-skole
https://vividbooks.com/video/jak-tvorit-svp-tak-aby-byl-uzitecny-pro-kazdeho-ve-skole-z-pohledu-reditele,/video/jak-tvorit-svp-tak-aby-byl-uzitecny-pro-kazdeho-ve-skole-z-pohledu-reditele
https://vividbooks.com/video/jak-tvorit-svp-tak-aby-byl-uzitecny-pro-kazdeho-ve-skole-z-pohledu-ucitele,/video/jak-tvorit-svp-tak-aby-byl-uzitecny-pro-kazdeho-ve-skole-z-pohledu-ucitele
https://vividbooks.com/video/jak-tvorit-svp-tak-aby-byl-uzitecny-pro-kazdeho-ve-skole-z-pohledu-ucitele-2,/video/jak-tvorit-svp-tak-aby-byl-uzitecny-pro-kazdeho-ve-skole-z-pohledu-ucitele-2
https://vividbooks.com/video/jak-vytvorit-aktivni-vyuku-v-prirodopise,/video/jak-vytvorit-aktivni-vyuku-v-prirodopise
https://vividbooks.com/video/jednoducha-tvorba-interaktivnich-materialu-s-nastrojem-vividboard,/video/jednoducha-tvorba-interaktivnich-materialu-s-nastrojem-vividboard
https://vividbooks.com/video/jednoducha-tvorba-zabavne-vyuky-s-vividboardem,/video/jednoducha-tvorba-zabavne-vyuky-s-vividboardem
https://vividbooks.com/video/matematika-pro-6-rocnik,/video/matematika-pro-6-rocnik
https://vividbooks.com/video/metody-a-nastroje-ktere-pomahaji-ucitelum-strukturovat-hodinu,/video/metody-a-nastroje-ktere-pomahaji-ucitelum-strukturovat-hodinu
https://vividbooks.com/video/miniskoleni-online-rozhrani-matematiky-pro-2-stupen,/video/miniskoleni-online-rozhrani-matematiky-pro-2-stupen
https://vividbooks.com/video/miniskoleni-online-rozhrani-pro-1-stupen,/video/miniskoleni-online-rozhrani-pro-1-stupen
https://vividbooks.com/video/miniskoleni-online-rozhrani-pro-fyziku-prirodopis-a-chemii,/video/miniskoleni-online-rozhrani-pro-fyziku-prirodopis-a-chemii
https://vividbooks.com/video/nastroje-pro-interaktivni-vyuku,/video/nastroje-pro-interaktivni-vyuku
https://vividbooks.com/video/nove-psaci-pismo-pro-21-stoleti,/video/nove-psaci-pismo-pro-21-stoleti
https://vividbooks.com/video/nove-rvp-a-prirodopis-jak-ucebnice-vividbooks-pomohou-ucitelum-s-revidovanymi-rvp-pro-zv,/video/nove-rvp-a-prirodopis-jak-ucebnice-vividbooks-pomohou-ucitelum-s-revidovanymi-rvp-pro-zv
https://vividbooks.com/video/novy-nastroj-na-rysovani-zdarma,/video/novy-nastroj-na-rysovani-zdarma
https://vividbooks.com/video/petr-hopfinger---jak-na-rodicovsky-handbook,/video/petr-hopfinger---jak-na-rodicovsky-handbook
https://vividbooks.com/video/petr-sobra---psychologie-a-koucovani,/video/petr-sobra---psychologie-a-koucovani
https://vividbooks.com/video/petra-bakajsova---vedeni-skoly,/video/petra-bakajsova---vedeni-skoly
https://vividbooks.com/video/pracovnilisty,/video/pracovnilisty
https://vividbooks.com/video/predstaveni-matematika-pro-vsechny,/video/predstaveni-matematika-pro-vsechny
https://vividbooks.com/video/prirodopis-pro-8-rocnik,/video/prirodopis-pro-8-rocnik
https://vividbooks.com/video/prirodopis-v-6-rocniku,/video/prirodopis-v-6-rocniku
https://vividbooks.com/video/radek-skarka-jak-improvizace-obohati-vasi-vyuku,/video/radek-skarka-jak-improvizace-obohati-vasi-vyuku
https://vividbooks.com/video/soutezni-kvizy,/video/soutezni-kvizy
https://vividbooks.com/video/testy-ulohy-pisemky-a-procvicovani,/video/testy-ulohy-pisemky-a-procvicovani
https://vividbooks.com/video/tvorba-interaktivnich-ucebnich-materialu-pro-zacatecniky,/video/tvorba-interaktivnich-ucebnich-materialu-pro-zacatecniky
https://vividbooks.com/video/tvorba-vlastnich-interaktivnich-materialu,/video/tvorba-vlastnich-interaktivnich-materialu
https://vividbooks.com/video/ucebnice-online,/video/ucebnice-online
https://vividbooks.com/video/umela-inteligence-na-zakladnich-skolach,/video/umela-inteligence-na-zakladnich-skolach
https://vividbooks.com/video/uvod-do-vividbooks,/video/uvod-do-vividbooks
https://vividbooks.com/video/vividbooks-chemie-do-hloubky,/video/vividbooks-chemie-do-hloubky
https://vividbooks.com/video/vividbooks-fyzika-do-hloubky,/video/vividbooks-fyzika-do-hloubky
https://vividbooks.com/video/vividbooks-matematika-7-rocnik,/video/vividbooks-matematika-7-rocnik
https://vividbooks.com/video/vividbooks-matematika-pro-1-rocnik,/video/vividbooks-matematika-pro-1-rocnik
https://vividbooks.com/video/vividbooks-matematika-pro-8-rocnik,/video/vividbooks-matematika-pro-8-rocnik
https://vividbooks.com/video/vividbooks-prirodopis-pro-7-rocnik,/video/vividbooks-prirodopis-pro-7-rocnik
https://vividbooks.com/video/vyucovaci-hodina-matematiky,/video/vyucovaci-hodina-matematiky
https://vividbooks.com/video/vyucovaci-hodina-matematiky-2,/video/vyucovaci-hodina-matematiky-2
https://vividbooks.com/video/vyucovaci-hodina-prirodopisu,/video/vyucovaci-hodina-prirodopisu
https://vividbooks.com/video/webinar-jak-na-geometrii-a-rysovani-ve-vividbooks-matematice,/video/webinar-jak-na-geometrii-a-rysovani-ve-vividbooks-matematice
https://vividbooks.com/video/webinar-jak-na-projektovou-vyuku,/video/webinar-jak-na-projektovou-vyuku
https://vividbooks.com/video/webinar-nove-rvp-a-matematika-jak-ucebnice-vividbooks-pomohou-ucitelum-s-revidovanymi-rvp,/video/webinar-nove-rvp-a-matematika-jak-ucebnice-vividbooks-pomohou-ucitelum-s-revidovanymi-rvp
https://vividbooks.com/video/webinar-novy-prirodopis-pro-9-rocnik,/video/webinar-novy-prirodopis-pro-9-rocnik
https://vividbooks.com/video/webinar-posledni-vyucovaci-hodina-s-unikovou-hrou,/video/webinar-posledni-vyucovaci-hodina-s-unikovou-hrou
https://vividbooks.com/video/webinar-predstaveni-matematiky-pro-9-rocnik-a-novych-funkci-ve-vividbooks,/video/webinar-predstaveni-matematiky-pro-9-rocnik-a-novych-funkci-ve-vividbooks
https://vividbooks.com/video/webinar-predstaveni-nova-prvouka-pro-1-rocnik,/video/webinar-predstaveni-nova-prvouka-pro-1-rocnik
https://vividbooks.com/video/webinar-predstaveni-nove-matematiky-pro-1-rocnik,/video/webinar-predstaveni-nove-matematiky-pro-1-rocnik
https://vividbooks.com/video/webinar-stredobod-interaktivni-vyuky,/video/webinar-stredobod-interaktivni-vyuky
https://vividbooks.com/webinars-cz/ai-v-praxi-pro-pedagogy,/webinars-cz/ai-v-praxi-pro-pedagogy
https://vividbooks.com/webinars-cz/badame-na-prvnim-stupni,/webinars-cz/badame-na-prvnim-stupni
https://vividbooks.com/webinars-cz/bleskovy-souboj-trid,/webinars-cz/bleskovy-souboj-trid
https://vividbooks.com/webinars-cz/dan-brodnicek-simulacni-hry-ve-vyuce,/webinars-cz/dan-brodnicek-simulacni-hry-ve-vyuce
https://vividbooks.com/webinars-cz/energeticky-pozitivni-a-udrzitelna-skola-fakta-a-myty,/webinars-cz/energeticky-pozitivni-a-udrzitelna-skola-fakta-a-myty
https://vividbooks.com/webinars-cz/financni-rizeni-skoly-prakticky-a-aktualne,/webinars-cz/financni-rizeni-skoly-prakticky-a-aktualne
https://vividbooks.com/webinars-cz/fyzika-do-hloubky,/webinars-cz/fyzika-do-hloubky
https://vividbooks.com/webinars-cz/jak-deti-v-zari-uspesne-adaptovat-na-skolu,/webinars-cz/jak-deti-v-zari-uspesne-adaptovat-na-skolu
https://vividbooks.com/webinars-cz/jak-efektivne-pouzivat-vividbooks-ve-tride-s-frantiskem-cabem,/webinars-cz/jak-efektivne-pouzivat-vividbooks-ve-tride-s-frantiskem-cabem
https://vividbooks.com/webinars-cz/jak-na-algebraicke-vyrazy,/webinars-cz/jak-na-algebraicke-vyrazy
https://vividbooks.com/webinars-cz/jak-na-elektricky-obvod---nova-aplikace-zdarma,/webinars-cz/jak-na-elektricky-obvod---nova-aplikace-zdarma
https://vividbooks.com/webinars-cz/jak-na-geometrii-a-rysovani-ve-vividbooks-matematice,/webinars-cz/jak-na-geometrii-a-rysovani-ve-vividbooks-matematice
https://vividbooks.com/webinars-cz/jak-na-interaktivni-vyuku-s-vividboardem,/webinars-cz/jak-na-interaktivni-vyuku-s-vividboardem
https://vividbooks.com/webinars-cz/jak-na-nova-temata-podle-noveho-rvp,/webinars-cz/jak-na-nova-temata-podle-noveho-rvp
https://vividbooks.com/webinars-cz/jak-na-praci-s-jednotkami-ve-vividbooks-matematice,/webinars-cz/jak-na-praci-s-jednotkami-ve-vividbooks-matematice
https://vividbooks.com/webinars-cz/jak-na-procenta-ve-vividbooks-matematice,/webinars-cz/jak-na-procenta-ve-vividbooks-matematice
https://vividbooks.com/webinars-cz/jak-na-projektovou-vyuku,/webinars-cz/jak-na-projektovou-vyuku
https://vividbooks.com/webinars-cz/jak-na-skupinovou-praci-ve-vyuce,/webinars-cz/jak-na-skupinovou-praci-ve-vyuce
https://vividbooks.com/webinars-cz/jak-na-ulohy-s-umernosti-ve-vividbooks-matematice,/webinars-cz/jak-na-ulohy-s-umernosti-ve-vividbooks-matematice
https://vividbooks.com/webinars-cz/jak-na-vyuku-fyziky-a-chemie-s-vividbooks,/webinars-cz/jak-na-vyuku-fyziky-a-chemie-s-vividbooks
https://vividbooks.com/webinars-cz/jak-na-zlomky-a-desetinna-cisla,/webinars-cz/jak-na-zlomky-a-desetinna-cisla
https://vividbooks.com/webinars-cz/jak-ozivit-hodinu-chemie-s-ucebnicemi-vividbooks,/webinars-cz/jak-ozivit-hodinu-chemie-s-ucebnicemi-vividbooks
https://vividbooks.com/webinars-cz/jak-probiha-vyuka-fyziky-a-chemie-s-digitalnimi-ucebnicemi-vividbooks,/webinars-cz/jak-probiha-vyuka-fyziky-a-chemie-s-digitalnimi-ucebnicemi-vividbooks
https://vividbooks.com/webinars-cz/jak-probiha-vyuka-fyziky-a-chemie-s-digitalnimi-ucebnicemi-vividbooks-2,/webinars-cz/jak-probiha-vyuka-fyziky-a-chemie-s-digitalnimi-ucebnicemi-vividbooks-2
https://vividbooks.com/webinars-cz/jak-rozmluvit-zaky-v-chemii,/webinars-cz/jak-rozmluvit-zaky-v-chemii
https://vividbooks.com/webinars-cz/jak-rozmluvit-zaky-v-matematice,/webinars-cz/jak-rozmluvit-zaky-v-matematice
https://vividbooks.com/webinars-cz/jak-rozmluvit-zaky-ve-fyzice,/webinars-cz/jak-rozmluvit-zaky-ve-fyzice
https://vividbooks.com/webinars-cz/jak-smysluplne-vyuzit-interaktivni-ucebnice-vividbooks-v-hodinach-chemie,/webinars-cz/jak-smysluplne-vyuzit-interaktivni-ucebnice-vividbooks-v-hodinach-chemie
https://vividbooks.com/webinars-cz/jak-tvorit-svp-tak-aby-byl-uzitecny-pro-kazdeho-ve-skole---z-pohledu-reditele,/webinars-cz/jak-tvorit-svp-tak-aby-byl-uzitecny-pro-kazdeho-ve-skole---z-pohledu-reditele
https://vividbooks.com/webinars-cz/jak-tvorit-svp-tak-aby-byl-uzitecny-pro-kazdeho-ve-skole---z-pohledu-ucitele,/webinars-cz/jak-tvorit-svp-tak-aby-byl-uzitecny-pro-kazdeho-ve-skole---z-pohledu-ucitele
https://vividbooks.com/webinars-cz/jak-vcas-odhalit-zacatky-radikalizace-a-nasili-ve-skolach,/webinars-cz/jak-vcas-odhalit-zacatky-radikalizace-a-nasili-ve-skolach
https://vividbooks.com/webinars-cz/jak-vypada-vyuka-fyziky-a-chemie-s-digitalnimi-ucebnicemi-vividbooks,/webinars-cz/jak-vypada-vyuka-fyziky-a-chemie-s-digitalnimi-ucebnicemi-vividbooks
https://vividbooks.com/webinars-cz/jak-vypada-vyuka-fyziky-a-chemie-s-digitalnimi-ucebnicemi-vividbooks-2,/webinars-cz/jak-vypada-vyuka-fyziky-a-chemie-s-digitalnimi-ucebnicemi-vividbooks-2
https://vividbooks.com/webinars-cz/jak-vytvorit-aktivni-vyuku-v-prirodopise,/webinars-cz/jak-vytvorit-aktivni-vyuku-v-prirodopise
https://vividbooks.com/webinars-cz/jak-vyuzivat-interaktivni-ucebnice-vividbooks-v-hodine-7,/webinars-cz/jak-vyuzivat-interaktivni-ucebnice-vividbooks-v-hodine-7
https://vividbooks.com/webinars-cz/jednoducha-tvorba-interaktivnich-materialu-s-vividboardem,/webinars-cz/jednoducha-tvorba-interaktivnich-materialu-s-vividboardem
https://vividbooks.com/webinars-cz/jednoducha-tvorba-zabavne-vyuky-s-vividboardem,/webinars-cz/jednoducha-tvorba-zabavne-vyuky-s-vividboardem
https://vividbooks.com/webinars-cz/letni-vzdelavani-reditelu-zs-financni-rizeni-skoly,/webinars-cz/letni-vzdelavani-reditelu-zs-financni-rizeni-skoly
https://vividbooks.com/webinars-cz/letni-vzdelavani-reditelu-zs-psychologie-a-koucovani,/webinars-cz/letni-vzdelavani-reditelu-zs-psychologie-a-koucovani
https://vividbooks.com/webinars-cz/letni-vzdelavani-reditelu-zs-typy-do-vyuky,/webinars-cz/letni-vzdelavani-reditelu-zs-typy-do-vyuky
https://vividbooks.com/webinars-cz/letni-vzdelavani-reditelu-zs-vedeni-skoly,/webinars-cz/letni-vzdelavani-reditelu-zs-vedeni-skoly
https://vividbooks.com/webinars-cz/matika-cesku-predstaveni-metodiky-aktivni-matematiky-vividbooks,/webinars-cz/matika-cesku-predstaveni-metodiky-aktivni-matematiky-vividbooks
https://vividbooks.com/webinars-cz/metody-a-nastroje-ktere-pomahaji-ucitelum-strukturovat-hodinu,/webinars-cz/metody-a-nastroje-ktere-pomahaji-ucitelum-strukturovat-hodinu
https://vividbooks.com/webinars-cz/mff-katedra-didaktiky-fyziky-seminar-problemy-fyzikalniho-vzdelavani-projekty-ucebnic-vividbooks-a-expedice,/webinars-cz/mff-katedra-didaktiky-fyziky-seminar-problemy-fyzikalniho-vzdelavani-projekty-ucebnic-vividbooks-a-expedice
https://vividbooks.com/webinars-cz/muni-prf-odpoledne-s-chemii-aneb-chemicka-kavarna-vividbooks-interaktivni-ucebnice-chemie,/webinars-cz/muni-prf-odpoledne-s-chemii-aneb-chemicka-kavarna-vividbooks-interaktivni-ucebnice-chemie
https://vividbooks.com/webinars-cz/nastroje-pro-interaktivni-vyuku,/webinars-cz/nastroje-pro-interaktivni-vyuku
https://vividbooks.com/webinars-cz/nova-aplikace-vividbooks,/webinars-cz/nova-aplikace-vividbooks
https://vividbooks.com/webinars-cz/nove-rvp-a-matematika-jak-ucebnice-vividbooks-pomohou-ucitelum-s-revidovanymi-rvp-pro-zv,/webinars-cz/nove-rvp-a-matematika-jak-ucebnice-vividbooks-pomohou-ucitelum-s-revidovanymi-rvp-pro-zv
https://vividbooks.com/webinars-cz/nove-rvp-a-prirodopis-jak-ucebnice-vividbooks-pomohou-ucitelum-s-revidovanymi-rvp-pro-zv,/webinars-cz/nove-rvp-a-prirodopis-jak-ucebnice-vividbooks-pomohou-ucitelum-s-revidovanymi-rvp-pro-zv
https://vividbooks.com/webinars-cz/novy-prirodopis-pro-9-rocnik,/webinars-cz/novy-prirodopis-pro-9-rocnik
https://vividbooks.com/webinars-cz/online-setkani-ucitelu-sdileni-tipu-a-zkusenosti-s-vividbooks,/webinars-cz/online-setkani-ucitelu-sdileni-tipu-a-zkusenosti-s-vividbooks
https://vividbooks.com/webinars-cz/pohledem-ministra-jak-vypada-smysluplna-digitalizace-skolstvi,/webinars-cz/pohledem-ministra-jak-vypada-smysluplna-digitalizace-skolstvi
https://vividbooks.com/webinars-cz/posledni-vyucovaci-hodina-s-unikovou-hrou,/webinars-cz/posledni-vyucovaci-hodina-s-unikovou-hrou
https://vividbooks.com/webinars-cz/prakticke-tipy-pro-umelou-inteligenci-ve-vyuce,/webinars-cz/prakticke-tipy-pro-umelou-inteligenci-ve-vyuce
https://vividbooks.com/webinars-cz/predstaveni-matematiky-pro-2-rocnik,/webinars-cz/predstaveni-matematiky-pro-2-rocnik
https://vividbooks.com/webinars-cz/predstaveni-matematiky-pro-9-rocnik-a-novych-funkci-ve-vividbooks,/webinars-cz/predstaveni-matematiky-pro-9-rocnik-a-novych-funkci-ve-vividbooks
https://vividbooks.com/webinars-cz/predstaveni-nova-matematika-pro-1-rocnik,/webinars-cz/predstaveni-nova-matematika-pro-1-rocnik
https://vividbooks.com/webinars-cz/predstaveni-nova-prvouka-pro-1-rocnik,/webinars-cz/predstaveni-nova-prvouka-pro-1-rocnik
https://vividbooks.com/webinars-cz/predstaveni-nove-rady-cesky-jazyk-od-vividbooks,/webinars-cz/predstaveni-nove-rady-cesky-jazyk-od-vividbooks
https://vividbooks.com/webinars-cz/predstaveni-nove-rady-matematika-pro-vsechny,/webinars-cz/predstaveni-nove-rady-matematika-pro-vsechny
https://vividbooks.com/webinars-cz/predstaveni-novych-funkci-ve-vividbooks,/webinars-cz/predstaveni-novych-funkci-ve-vividbooks
https://vividbooks.com/webinars-cz/predstaveni-prirodopisu-pro-8-rocnik,/webinars-cz/predstaveni-prirodopisu-pro-8-rocnik
https://vividbooks.com/webinars-cz/predstaveni-prvouky-pro-2-rocnik,/webinars-cz/predstaveni-prvouky-pro-2-rocnik
https://vividbooks.com/webinars-cz/predstaveni-vividboard-tvorte-vlastni-aktivity-a-testy,/webinars-cz/predstaveni-vividboard-tvorte-vlastni-aktivity-a-testy
https://vividbooks.com/webinars-cz/predstaveni-vividbooks-matematiky,/webinars-cz/predstaveni-vividbooks-matematiky
https://vividbooks.com/webinars-cz/predstaveni-vividbooks-matematiky---8-rocnik,/webinars-cz/predstaveni-vividbooks-matematiky---8-rocnik
https://vividbooks.com/webinars-cz/predstaveni-vividbooks-matematiky-7-rocnik,/webinars-cz/predstaveni-vividbooks-matematiky-7-rocnik
https://vividbooks.com/webinars-cz/predstaveni-vividbooks-matematiky-pro-1-rocnik,/webinars-cz/predstaveni-vividbooks-matematiky-pro-1-rocnik
https://vividbooks.com/webinars-cz/predstaveni-vividbooks-prirodopisu,/webinars-cz/predstaveni-vividbooks-prirodopisu
https://vividbooks.com/webinars-cz/predstaveni-vividbooks-prvouky,/webinars-cz/predstaveni-vividbooks-prvouky
https://vividbooks.com/webinars-cz/radek-skarka-jak-improvizace-obohati-vasi-vyuku,/webinars-cz/radek-skarka-jak-improvizace-obohati-vasi-vyuku
https://vividbooks.com/webinars-cz/reditel-jako-leader-s-koucem-a-skolnim-psychologem-petrem-sobrou,/webinars-cz/reditel-jako-leader-s-koucem-a-skolnim-psychologem-petrem-sobrou
https://vividbooks.com/webinars-cz/sdileni-zkusenosti-z-vyuky-s-vividbooks-1,/webinars-cz/sdileni-zkusenosti-z-vyuky-s-vividbooks-1
https://vividbooks.com/webinars-cz/setkani-vividbooks-ucitelu-sdileni-typu-a-zkusenosti,/webinars-cz/setkani-vividbooks-ucitelu-sdileni-typu-a-zkusenosti
https://vividbooks.com/webinars-cz/spoustime-mentoring-program-pro-zacinajici-ne-ucitele-fyziky,/webinars-cz/spoustime-mentoring-program-pro-zacinajici-ne-ucitele-fyziky
https://vividbooks.com/webinars-cz/stredobod-interaktivni-vyuky,/webinars-cz/stredobod-interaktivni-vyuky
https://vividbooks.com/webinars-cz/test,/webinars-cz/test
https://vividbooks.com/webinars-cz/tomas-kovac-jak-se-stat-superucitel-diky-ai,/webinars-cz/tomas-kovac-jak-se-stat-superucitel-diky-ai
https://vividbooks.com/webinars-cz/tvorba-interaktivnich-ucebnich-materialu-pro-zacatecniky,/webinars-cz/tvorba-interaktivnich-ucebnich-materialu-pro-zacatecniky
https://vividbooks.com/webinars-cz/ucitele-ucitelum-rady-a-tipy-jak-nejlepe-vyuzit-ucebnice-vividbooks-v-hodine,/webinars-cz/ucitele-ucitelum-rady-a-tipy-jak-nejlepe-vyuzit-ucebnice-vividbooks-v-hodine
https://vividbooks.com/webinars-cz/umela-inteligence-na-zakladnich-skolach,/webinars-cz/umela-inteligence-na-zakladnich-skolach
https://vividbooks.com/webinars-cz/unikova-hra-do-hodin-fyziky-s-ucebnicemi-vividbooks-zdarma,/webinars-cz/unikova-hra-do-hodin-fyziky-s-ucebnicemi-vividbooks-zdarma
https://vividbooks.com/webinars-cz/uvod-do-vividbooks,/webinars-cz/uvod-do-vividbooks
https://vividbooks.com/webinars-cz/uvod-do-vividbooks---komplexni-ucebni-materialy-pro-vasi-skolu,/webinars-cz/uvod-do-vividbooks---komplexni-ucebni-materialy-pro-vasi-skolu
https://vividbooks.com/webinars-cz/uvod-do-vividbooks-a-jejich-vyuziti-ve-tride-2,/webinars-cz/uvod-do-vividbooks-a-jejich-vyuziti-ve-tride-2
https://vividbooks.com/webinars-cz/uvod-do-vividbooks-a-jejich-vyuziti-ve-tride-4,/webinars-cz/uvod-do-vividbooks-a-jejich-vyuziti-ve-tride-4
https://vividbooks.com/webinars-cz/uvod-do-vividbooks-a-jejich-zapojeni-do-vyuky-6,/webinars-cz/uvod-do-vividbooks-a-jejich-zapojeni-do-vyuky-6
https://vividbooks.com/webinars-cz/uvod-do-vividbooks-a-prakticke-vyuziti-testovani-3,/webinars-cz/uvod-do-vividbooks-a-prakticke-vyuziti-testovani-3
https://vividbooks.com/webinars-cz/uvod-do-vividbooks-s-frantiskem-cabem,/webinars-cz/uvod-do-vividbooks-s-frantiskem-cabem
https://vividbooks.com/webinars-cz/uvod-do-vividbooks-test,/webinars-cz/uvod-do-vividbooks-test
https://vividbooks.com/webinars-cz/uvod-do-vividbooks-v-listopadu,/webinars-cz/uvod-do-vividbooks-v-listopadu
https://vividbooks.com/webinars-cz/vanocni-souboj-trid-v-matematice,/webinars-cz/vanocni-souboj-trid-v-matematice
https://vividbooks.com/webinars-cz/vividbooks-chemie-do-hloubky,/webinars-cz/vividbooks-chemie-do-hloubky
https://vividbooks.com/webinars-cz/vividbooks-fyzika-do-hloubky,/webinars-cz/vividbooks-fyzika-do-hloubky
https://vividbooks.com/webinars-cz/vyucovaci-hodina-chemie,/webinars-cz/vyucovaci-hodina-chemie
https://vividbooks.com/webinars-cz/vyucovaci-hodina-fyziky,/webinars-cz/vyucovaci-hodina-fyziky
https://vividbooks.com/webinars-cz/vyucovaci-hodina-matematiky,/webinars-cz/vyucovaci-hodina-matematiky
https://vividbooks.com/webinars-cz/vyucovaci-hodina-prirodopisu,/webinars-cz/vyucovaci-hodina-prirodopisu
https://vividbooks.com/webinars-cz/vyuka-s-vividbooks-v-kostce,/webinars-cz/vyuka-s-vividbooks-v-kostce
https://vividbooks.com/webinars-cz/vyuka-s-vividbooks-v-kostce-2,/webinars-cz/vyuka-s-vividbooks-v-kostce-2
https://vividbooks.com/webinars-cz/vyuka-s-vividbooks-v-kostce-3,/webinars-cz/vyuka-s-vividbooks-v-kostce-3
https://vividbooks.com/webinars-cz/webinar-novy-nastroj-na-rysovani-zdarma,/webinars-cz/webinar-novy-nastroj-na-rysovani-zdarma
https://vividbooks.com/webinars-es/inteligencia-artificial-un-debate-pedagogico,/webinars-es/inteligencia-artificial-un-debate-pedagogico
